{"cameraMode":{"drawMode":0,"name":"Shaded","section":"Shading Mode"},"sceneLighting":false,"audioPlay":false,"sceneViewState":{"showFog":true,"showMaterialUpdate":true,"showSkybox":false,"showFlares":true,"showImageEffects":true,"showParticleSystems":true},"in2DMode":false,"pivot":{"x":-37.13702392578125,"y":7.0546875,"z":1.53271484375},"rotation":{"x":0.7712819576263428,"y":-0.019079282879829408,"z":0.023145370185375215,"w":0.6357868313789368},"size":12.085426330566407,"orthographic":true}