{"cameraMode":{"drawMode":0,"name":"Shaded","section":"Shading Mode"},"sceneLighting":false,"audioPlay":false,"sceneViewState":{"showFog":true,"showMaterialUpdate":true,"showSkybox":false,"showFlares":true,"showImageEffects":true,"showParticleSystems":true},"in2DMode":false,"pivot":{"x":-33.89435577392578,"y":6.802654266357422,"z":-2.1735384464263918},"rotation":{"x":0.004242493771016598,"y":0.7406145930290222,"z":-0.004670237191021442,"w":0.6719121932983398},"size":5.841161251068115,"orthographic":false}