{"cameraMode":{"drawMode":0,"name":"Shaded","section":"Shading Mode"},"sceneLighting":true,"audioPlay":false,"sceneViewState":{"showFog":true,"showMaterialUpdate":true,"showSkybox":true,"showFlares":true,"showImageEffects":true,"showParticleSystems":true},"in2DMode":false,"pivot":{"x":-58.33183288574219,"y":36.91541290283203,"z":-22.7442684173584},"rotation":{"x":-0.1520356684923172,"y":-0.7698825001716614,"z":-0.1994556337594986,"w":0.5868434309959412},"size":89.176513671875,"orthographic":false}